CALLER,CALLED,DAY_DT,DURATION,PRICE,INTERNATIONAL
luz,ken,1924-04-20,12,7.0877702882309706,false
leo,tom,1924-04-20,16,4.606647441314338,false
mac,ada,1924-04-20,46,0.7360888142899513,false
kia,kia,1924-04-20,82,2.4109201649945766,false
ana,mac,1924-04-20,35,3.8027335868090706,false
tim,pol,1924-04-20,52,8.699637339218334,false
ada,van,1924-04-20,32,4.435955770477522,false
tom,ben,1924-04-20,9,6.199490200435433,false
fox,sam,1924-04-20,68,8.40906520316284,false
joe,tom,1924-04-20,20,2.396976471694743,false
mac,eva,1924-04-20,52,6.912940879483606,false
fox,noa,1924-04-20,98,4.8481547568273236,true
eva,eli,1924-04-20,90,1.3330263449914004,true
mar,pau,1924-04-20,22,5.7489634929964675,false
ben,zoe,1924-04-20,7,6.881811953711649,false
luz,tim,1924-04-20,60,5.587417308446639,true
tim,ben,1924-04-20,15,0.4830181654903176,false
ana,ada,1924-04-20,90,5.217613241302877,false
jim,ada,1924-04-20,51,4.749291024104847,false
mar,eva,1924-04-20,39,2.8242347684221047,false
kia,tim,1924-04-20,18,6.779019616713472,true
pau,bob,1924-04-20,43,3.261082287013133,true
tom,max,1924-04-20,74,0.8337001253898468,true
ada,tim,1924-04-20,31,5.237450613491065,false
ken,rey,1924-04-20,17,2.416317500620271,false
tom,sam,1924-04-20,50,2.366031855563071,false
tom,riu,1924-04-20,9,1.2401970382992988,false
pau,rey,1924-04-20,78,3.2888125155120926,false
gio,van,1924-04-20,69,3.516113213022453,false
mac,mac,1924-04-20,20,7.209038764796044,false
eva,bob,1924-04-20,16,0.6060336101309749,false
max,ada,1924-04-20,80,0.2687678039924102,false
tim,bob,1924-04-20,62,3.171859446199321,false
fox,joe,1924-04-20,76,3.749288110622384,false
ben,eli,1924-04-20,85,9.519231274585369,false
ana,van,1924-04-20,34,3.424492974425636,false
noa,luz,1924-04-20,80,9.231681635543591,true
luz,gio,1924-04-20,75,8.715595979096829,false
eli,mar,1924-04-20,4,9.792739030511727,false
rey,pau,1924-04-20,8,9.715399873328714,false
rey,bob,1924-04-20,75,6.644408465778122,false
ana,ada,1924-04-20,79,1.809117210699196,true
ken,kia,1924-04-20,30,8.192575283399634,false
luz,jim,1924-04-20,55,1.6991238194817915,false
eva,mac,1924-04-20,80,5.955343866288843,false
noa,tom,1924-04-20,94,9.334491617062497,true
ada,ben,1924-04-20,40,7.9222742090520715,true
ken,pau,1924-04-20,41,5.595365038684665,false
sam,ben,1924-04-20,42,3.509376577461898,false
bob,rey,1924-04-20,66,8.15041594007598,true
kia,pau,1924-04-20,51,0.8570919582623671,false
jim,mac,1924-04-20,52,0.7119261533739352,true
pol,van,1924-04-20,18,2.811276573873095,false
fox,noa,1924-04-20,65,6.9157577028273645,false
mac,jim,1924-04-20,61,4.986385468580843,false
ben,kia,1924-04-20,40,7.522743851037932,false
van,rey,1924-04-20,39,8.63079962511823,false
jim,sam,1924-04-20,18,6.617992524225741,false
tom,tim,1924-04-20,12,7.007666428793145,false
gio,van,1924-04-20,68,9.767790887307692,false
teo,pol,1924-04-20,79,0.9424833209168937,true
fox,ben,1924-04-20,96,2.29949483787651,false
bob,teo,1924-04-20,66,7.164942441298746,false
van,max,1924-04-20,72,1.9955627457290048,false
pol,ada,1924-04-20,36,5.025780843381275,false
teo,ben,1924-04-20,58,4.270160760110192,false
max,mar,1924-04-20,87,6.688531994324826,false
van,jim,1924-04-20,48,1.7253033133982365,false
gio,ken,1924-04-20,2,7.465648828411337,false
eli,teo,1924-04-20,59,6.713264118818053,false
rey,eli,1924-04-20,68,5.543875462963234,false
jim,jim,1924-04-20,43,9.017512841004727,false
teo,tom,1924-04-20,86,0.19036861229683288,false
noa,bob,1924-04-20,19,9.58504190327612,false
gio,sam,1924-04-20,0,0.34692312276344284,false
mac,leo,1924-04-20,64,4.769269455709403,false
bob,ana,1924-04-20,71,6.952503729434774,false
leo,luz,1924-04-20,97,1.7262697697777363,true
joe,tom,1924-04-20,4,7.934707786053178,false
rey,jim,1924-04-20,9,4.185470152427049,false
van,joe,1924-04-20,16,0.3527451398677073,false
pol,eva,1924-04-20,74,2.3323626587199806,false
bob,pau,1924-04-20,17,6.022072435137215,false
eli,ken,1924-04-20,29,4.336363155589797,false
eli,leo,1924-04-20,89,7.848035462636113,true
luz,ada,1924-04-20,28,9.87167304891296,false
eli,kia,1924-04-20,25,6.669303071031763,false
bob,jim,1924-04-20,25,6.1377788672059985,true
bob,rey,1924-04-20,32,2.962859481323039,false
teo,gio,1924-04-20,84,9.214545897032725,false
ana,eli,1924-04-20,86,6.273925307539381,false
leo,ada,1924-04-20,8,9.7080637604029,true
mac,tom,1924-04-20,41,3.3847585800105726,false
ben,sam,1924-04-20,25,7.933158685799336,false
kia,rey,1924-04-20,9,4.8418992239557195,false
pau,ana,1924-04-20,19,6.503763560842495,false
ana,fox,1924-04-20,6,4.303059549724138,true
rey,fox,1924-04-20,90,3.0646854396601917,false
ada,mac,1924-04-20,97,3.9038278815481506,false
jim,pol,1924-04-20,61,6.192285812567525,false
eli,zoe,1924-04-20,4,4.501951087945033,false
fox,bob,1924-04-20,37,7.905344889971443,false
mar,gio,1924-04-20,11,3.784986857328123,false
bob,eli,1924-04-20,86,4.857779587118987,false
riu,sam,1924-04-20,40,9.15554314872384,false
jim,eli,1924-04-20,27,6.0080488653925155,false
mar,eli,1924-04-20,55,5.3542059928425125,false
mar,pol,1924-04-20,10,0.860233934744018,false
eva,pol,1924-04-20,49,5.250256501641031,false
leo,noa,1924-04-20,96,5.615070476388047,false
eva,mar,1924-04-20,43,8.401467188527704,false
eva,jim,1924-04-20,51,5.5583877414870155,false
eva,mar,1924-04-20,70,5.581919324763781,false
fox,mac,1924-04-20,3,2.3728086439086926,true
fox,pol,1924-04-20,69,8.010277548041781,true
ada,pau,1924-04-20,93,7.766567187288828,false
ben,tom,1924-04-20,86,8.784512556842571,false
noa,jim,1924-04-20,18,6.209178382213589,false
eli,pau,1924-04-20,85,4.9513881258243595,true
mac,van,1924-04-20,77,7.318178386067125,false
gio,ana,1924-04-20,23,8.682748254037945,true
kia,ken,1924-04-20,26,2.251600831061812,true
leo,teo,1924-04-20,60,0.16222384718450722,true
kia,pol,1924-04-20,32,3.722634074768094,true
pau,sam,1924-04-20,48,2.4879802947876275,false
eva,pol,1924-04-20,33,5.290816924459108,false
van,riu,1924-04-20,32,9.87784977555452,false
eli,zoe,1924-04-20,45,1.0551020150651436,true
bob,van,1924-04-20,49,9.45981124037505,false
joe,ken,1924-04-20,93,6.348200791814148,true
ana,sam,1924-04-20,9,0.9714607559598787,false
mar,max,1924-04-20,98,3.38293556842984,false
max,mac,1924-04-20,98,2.16916225099442,true
noa,mac,1924-04-20,84,0.07224406182059218,false
kia,van,1924-04-20,17,7.831154959173135,true
leo,max,1924-04-20,81,4.971831287187259,false
riu,zoe,1924-04-20,29,2.9916290436400406,false
ken,zoe,1924-04-20,21,8.92365659126053,true
ada,kia,1924-04-20,13,8.91283390186105,false
bob,eli,1924-04-20,79,5.491079294000556,false
max,pol,1924-04-20,89,4.768240399882588,false
bob,van,1924-04-20,80,5.798934798366529,true
sam,joe,1924-04-20,70,9.768935823674648,false
riu,leo,1924-04-20,8,6.596334988224024,false
tim,ada,1924-04-20,12,8.702724811452974,false
ken,riu,1924-04-20,25,1.7523557537052925,true
bob,kia,1924-04-20,30,3.185095164603492,false
noa,rey,1924-04-20,19,9.440537527970337,true
ada,ben,1924-04-20,95,0.5630378018257054,false
tom,jim,1924-04-20,63,8.852782208788149,false
rey,joe,1924-04-20,67,2.6176807623411023,false
mar,tim,1924-04-20,59,9.94689940924659,true
ben,joe,1924-04-20,15,6.5828212670971675,false
eva,luz,1924-04-20,9,4.918373099123167,false
bob,pau,1924-04-20,96,3.032988108397766,false
leo,zoe,1924-04-20,1,4.877368098829885,true
rey,pau,1924-04-20,71,7.734226609519322,false
jim,fox,1924-04-20,30,4.498765914285121,false
rey,teo,1924-04-20,32,5.933873941076709,false
fox,zoe,1924-04-20,68,0.9850370369944073,true
jim,pau,1924-04-20,28,8.455888422018763,false
sam,rey,1924-04-20,24,2.0688264683142044,false
leo,joe,1924-04-20,63,8.745054343878191,false
joe,jim,1924-04-20,81,7.766858172202568,false
bob,eli,1924-04-20,57,8.26116515674524,false
mac,ana,1924-04-20,99,7.0517282163625525,false
leo,max,1924-04-20,85,6.684134321902172,false
pol,teo,1924-04-20,18,5.191289545684513,false
ben,mar,1924-04-20,32,2.3662166650591008,false
luz,kia,1924-04-20,90,6.155662824881531,false
noa,sam,1924-04-20,11,7.347058405018519,false
joe,zoe,1924-04-20,82,9.843322325218736,false
pau,ben,1924-04-20,7,5.267532053328383,true
ada,eli,1924-04-20,13,0.6193036479549652,false
max,ada,1924-04-20,53,0.796685447624097,false
rey,ada,1924-04-20,55,5.110344219851716,false
ada,ben,1924-04-20,53,6.636143596011845,true
eli,rey,1924-04-20,69,9.490804908457674,false
luz,bob,1924-04-20,23,3.9045401597874454,false
joe,ana,1924-04-20,4,6.597548347588925,false
ben,eva,1924-04-20,82,9.413386358285603,false
noa,bob,1924-04-20,20,4.071712691190877,true
mar,kia,1924-04-20,2,0.47343167382307594,false
joe,teo,1924-04-20,19,0.25465419247436505,true
noa,zoe,1924-04-20,64,1.6909837073887868,false
noa,sam,1924-04-20,43,0.1389950600987666,false
mac,eva,1924-04-20,66,3.677282111773531,false
leo,eli,1924-04-20,80,9.09103710086254,false
luz,ada,1924-04-20,84,1.1326940200530278,false
eli,van,1924-04-20,22,6.097971013633574,false
teo,mac,1924-04-20,98,6.143545944424802,false
ada,riu,1924-04-20,94,1.3698411359738694,false
rey,mar,1924-04-20,43,5.378442004540998,false
kia,rey,1924-04-20,99,0.9166207267618454,false
luz,sam,1924-04-20,24,9.065392827445416,false
ana,ada,1924-04-20,10,5.98012533559953,false
ana,noa,1924-04-20,53,8.607415927147846,false
fox,riu,1924-04-20,78,9.719853868186224,false
tom,van,1924-04-20,38,7.4685058922858865,false
leo,riu,1924-04-20,42,3.1424045658099797,false
max,zoe,1924-04-20,18,9.397768401728403,false
ada,ada,1924-04-20,65,9.718502319085353,false
pau,teo,1924-04-20,32,4.829622001517242,false
eli,ana,1924-04-20,68,6.614197473989789,false
ana,luz,1924-04-20,21,7.2193301526728435,true
eli,noa,1924-04-20,59,4.342599819443556,true
tom,pol,1924-04-20,95,8.138771456934112,false
tom,eva,1924-04-20,84,5.397680690709747,false
pau,riu,1924-04-20,28,6.471225169395911,true
max,riu,1924-04-20,1,3.155710885160098,false
kia,tim,1924-04-20,23,0.6989008326432522,false
sam,riu,1924-04-20,52,4.517152528999078,true
eva,zoe,1924-04-20,43,5.064499905499817,false
ken,pol,1924-04-20,81,5.592313701552457,false
pau,noa,1924-04-20,59,7.743048683086689,false
ana,ken,1924-04-20,70,3.261955364824324,true
rey,ada,1924-04-20,44,4.835009705283353,false
van,ben,1924-04-20,91,7.036299500118778,false
bob,pol,1924-04-20,24,2.015674960271163,false
kia,ben,1924-04-20,26,3.7696150882671553,false
joe,mar,1924-04-20,75,9.848202048005621,false
teo,max,1924-04-20,92,0.029182908677721775,false
eli,van,1924-04-20,71,1.1103406255585557,false
joe,leo,1924-04-20,62,4.3545832772367135,false
eva,mar,1924-04-20,75,8.535557668776391,false
joe,kia,1924-04-20,39,0.8365534807414587,false
tom,mar,1924-04-20,83,6.56541511703184,false
gio,pol,1924-04-20,74,7.195227949794626,false
eva,leo,1924-04-20,13,2.4677589353357234,false
max,ada,1924-04-20,50,8.78820117105664,false
ben,kia,1924-04-20,87,8.091088794750918,false
ada,rey,1924-04-20,99,6.8141165522949425,false
mac,kia,1924-04-20,68,3.2573894355531707,false
pau,ken,1924-04-20,14,3.450617250158605,false
eli,kia,1924-04-20,84,9.192184499675042,false
noa,noa,1924-04-20,44,2.2111759466874616,false
noa,jim,1924-04-20,39,1.6955433900613937,false
mar,zoe,1924-04-20,60,8.481492210189005,true
ana,eva,1924-04-20,92,9.07791878954408,false
leo,luz,1924-04-20,42,2.654689654374925,false
ken,ana,1924-04-20,31,4.84810856451067,false
mar,leo,1924-04-20,1,7.710940030323145,false
tom,sam,1924-04-20,73,1.2434749437980774,false
tom,van,1924-04-20,23,5.674982719528023,false
zoe,noa,1924-04-20,5,6.831003118076947,false
jim,mar,1924-04-20,18,8.254845945786435,false
mac,kia,1924-04-20,28,4.457225810504868,true
riu,van,1924-04-20,87,3.2951261480851612,false
ada,kia,1924-04-20,68,6.265944810917649,true
riu,mac,1924-04-20,84,7.457132707697101,false
luz,mac,1924-04-20,39,2.946526327249127,false
jim,ana,1924-04-20,4,9.219296297109908,false
mac,leo,1924-04-20,85,2.7521554501718426,false
eva,joe,1924-04-20,35,1.549948632689494,true
teo,max,1924-04-20,53,1.3952264270883508,false
pau,tim,1924-04-20,95,1.9406764600314652,false
tim,joe,1924-04-20,86,7.321462922331962,false
mac,eva,1924-04-20,10,8.260571009981927,false
joe,fox,1924-04-20,76,0.7879191362712634,true
riu,rey,1924-04-20,40,7.038540261101721,false
fox,ben,1924-04-20,92,7.905347417873529,false
riu,leo,1924-04-20,39,0.21093719155594326,true
pol,max,1924-04-20,86,7.49908183563646,false
jim,leo,1924-04-20,83,1.980876029892028,true
riu,pau,1924-04-20,83,7.894023020373307,false
eva,mar,1924-04-20,92,8.623430986931139,false
zoe,max,1924-04-20,69,6.361029050619189,false
mar,ben,1924-04-20,38,2.1979648460339285,false
zoe,bob,1924-04-20,14,3.773510678198184,false
noa,zoe,1924-04-20,9,1.627616470150518,false
fox,jim,1924-04-20,0,7.7406347557456625,false
mac,eli,1924-04-20,99,6.432290868703106,false
ada,max,1924-04-20,35,0.9221412644485127,false
rey,joe,1924-04-20,39,3.146427825190874,false
eva,van,1924-04-20,34,7.525834080483902,false
van,sam,1924-04-20,21,1.286723438598113,true
eli,noa,1924-04-20,29,2.1847284614721807,false
sam,eva,1924-04-20,35,2.14075122716614,false
mar,sam,1924-04-20,42,4.727925375473859,false
van,kia,1924-04-20,90,3.338873204115541,true
riu,tom,1924-04-20,55,1.1051386686029163,false
van,ben,1924-04-20,54,9.687132528318664,false
tim,zoe,1924-04-20,42,6.918713973370774,false
zoe,sam,1924-04-20,1,7.903682448163777,false
leo,ken,1924-04-20,63,0.9264129237367724,false
luz,eva,1924-04-20,69,9.041017434891215,false
teo,luz,1924-04-20,82,6.49429608836442,false
sam,mac,1924-04-20,41,7.429438924317836,false
mar,rey,1924-04-20,60,5.795545071546535,false
luz,noa,1924-04-20,70,6.262117704431537,false
kia,pau,1924-04-20,50,4.762076935854188,true
ben,gio,1924-04-20,83,1.5250763583061833,false
luz,mar,1924-04-20,88,9.414817151644725,false
leo,eli,1924-04-20,43,6.878394972519284,false
ben,joe,1924-04-20,63,1.0129974111019535,false
jim,eli,1924-04-20,39,3.276952993689939,false
jim,ana,1924-04-20,98,4.814790249118842,false
ada,ada,1924-04-20,12,6.733030627942761,false
kia,van,1924-04-20,93,8.094111208672341,true
pol,pau,1924-04-20,51,8.201137269142576,false
teo,jim,1924-04-20,16,4.508971633301275,false
ben,ben,1924-04-20,67,8.563698614016461,false
sam,mar,1924-04-20,47,3.124720298542605,true
rey,ken,1924-04-20,13,5.003992411362043,true
riu,teo,1924-04-20,16,8.931681032193422,false
zoe,tom,1924-04-20,42,1.1790066242521668,false
eli,luz,1924-04-20,15,4.6747045281437245,false
gio,joe,1924-04-20,10,4.296549006686497,false
tim,ben,1924-04-20,53,7.509847316611503,false
joe,mar,1924-04-20,28,3.3942945353318974,true
ken,tom,1924-04-20,24,9.587512601553739,true
luz,bob,1924-04-20,15,1.3151195756670553,false
noa,van,1924-04-20,69,6.189693305605744,false
max,zoe,1924-04-20,42,0.08274078957429598,false
max,zoe,1924-04-20,75,2.0767498502612503,false
riu,ken,1924-04-20,36,6.611306078802533,true
luz,fox,1924-04-20,89,1.0686770645863664,true
kia,teo,1924-04-20,16,2.265333165993834,true
van,jim,1924-04-20,84,8.09920998566173,false
zoe,ken,1924-04-20,81,5.720458868920737,false
ada,luz,1924-04-20,14,5.919514851193577,false
pau,kia,1924-04-20,34,5.172760062743572,true
mar,mac,1924-04-20,34,9.595072700836981,false
jim,van,1924-04-20,45,2.778063224893611,false
noa,joe,1924-04-20,31,9.599619568348523,false
eli,sam,1924-04-20,70,0.5851766757008747,false
max,rey,1924-04-20,7,2.180629228219276,true
mac,fox,1924-04-20,65,4.7377887096370666,false
tim,van,1924-04-20,17,8.817647461464167,false
pau,ben,1924-04-20,58,1.9176741164747124,true
bob,leo,1924-04-20,88,2.5855507170073766,false
ada,pol,1924-04-20,21,9.92137948461472,false
ada,jim,1924-04-20,97,5.031554320407415,true
sam,kia,1924-04-20,9,8.94682542427485,false
noa,noa,1924-04-20,40,1.1995778152437586,false
luz,van,1924-04-20,57,3.9647753717340595,true
gio,fox,1924-04-20,75,3.1703205634588274,true
mar,rey,1924-04-20,96,3.3094476666401693,true
leo,mac,1924-04-20,12,5.540398513251523,false
leo,noa,1924-04-20,39,1.6359027208569965,true
pau,riu,1924-04-20,9,6.033505081292544,false
gio,noa,1924-04-20,53,1.2512081906219397,true
max,joe,1924-04-20,96,1.6687789621447446,true
fox,van,1924-04-20,86,2.6140968940758755,false
eva,rey,1924-04-20,19,4.808717669085235,true
eli,ken,1924-04-20,20,9.841234673335569,false
kia,teo,1924-04-20,57,0.5791469431500584,false
ana,fox,1924-04-20,70,1.0149289000476525,true
leo,bob,1924-04-20,33,0.9876667664024308,false
tom,riu,1924-04-20,91,5.105749781963738,true
van,luz,1924-04-20,60,8.034385204988542,false
ana,rey,1924-04-20,4,9.724242517944333,false
mar,noa,1924-04-20,58,8.271342337277215,false
luz,van,1924-04-20,47,1.4032477195236481,false
kia,joe,1924-04-20,93,9.84466525472701,false
van,fox,1924-04-20,57,3.405284293807246,false
leo,leo,1924-04-20,48,7.575685131788088,false
max,rey,1924-04-20,43,9.223703011027728,false
ken,van,1924-04-20,75,3.7089757720776593,false
max,eva,1924-04-20,47,4.547058592049113,false
sam,van,1924-04-20,61,3.897631396894965,true
max,pol,1924-04-20,60,5.225778596095009,false
eli,jim,1924-04-20,65,2.7708828611332703,false
noa,eva,1924-04-20,69,8.707110517550674,false
mar,bob,1924-04-20,85,7.7295201941932055,true
max,gio,1924-04-20,57,0.07576469610108716,false
ana,riu,1924-04-20,31,9.626307333312221,false
eva,eli,1924-04-20,85,9.724798915344582,false
zoe,noa,1924-04-20,63,4.457237528088312,false
leo,zoe,1924-04-20,31,2.435192163468838,false
pol,bob,1924-04-20,76,8.408230176222434,false
sam,tim,1924-04-20,65,3.4791185523185675,false
noa,ana,1924-04-20,77,8.189399297590144,true
van,ada,1924-04-20,96,9.509571486010387,false
eva,leo,1924-04-20,22,3.015613344505997,true
fox,van,1924-04-20,30,4.242534679883882,false
leo,ben,1924-04-20,93,8.313471815357154,false
ken,kia,1924-04-20,0,3.8167142525052644,false
zoe,riu,1924-04-20,14,7.486168138379952,false
rey,noa,1924-04-20,50,0.7320544821237218,true
joe,ben,1924-04-20,93,6.7561999892890015,false
noa,max,1924-04-20,14,5.281203156757259,true
pau,eli,1924-04-20,45,2.62357009009056,false
tom,ken,1924-04-20,58,5.41596006147773,false
zoe,teo,1924-04-20,59,4.0887540399682365,false
eli,fox,1924-04-20,20,9.262322595132048,false
bob,tim,1924-04-20,94,3.6684436072828266,true
teo,mac,1924-04-20,10,5.573684352343591,false
bob,eli,1924-04-20,76,8.506465524669155,false
pau,gio,1924-04-20,70,5.810515708724763,false
tim,fox,1924-04-20,36,1.166527598919871,false
kia,ben,1924-04-20,36,3.429261601237692,false
teo,tom,1924-04-20,76,1.6436745610480108,false
leo,max,1924-04-20,79,3.418390290821489,false
teo,ben,1924-04-20,47,8.527916157731893,false
mar,teo,1924-04-20,96,8.435341619495798,false
eli,sam,1924-04-20,64,0.04017579643682434,false
ada,kia,1924-04-20,48,0.8907180171065143,false
zoe,noa,1924-04-20,34,1.4001928568781852,false
mar,mac,1924-04-20,96,0.06612091267116704,false
pau,mar,1924-04-20,83,1.988128785041532,false
riu,mar,1924-04-20,61,2.920447045415685,false
noa,mar,1924-04-20,90,6.95134898587734,false
pol,ana,1924-04-20,35,0.6943087640255663,false
zoe,pau,1924-04-20,12,4.633823299821817,true
ada,tim,1924-04-20,0,6.994903617471898,false
riu,tom,1924-04-20,54,4.061581886786339,false
gio,jim,1924-04-20,22,8.067492266221311,true
riu,ken,1924-04-20,75,0.8101770803670505,false
ben,luz,1924-04-20,23,8.205828054270839,false
van,jim,1924-04-20,44,1.9870202099095946,false
luz,eva,1924-04-20,64,9.004490702963688,false
fox,tom,1924-04-20,76,8.963102800790324,false
pol,fox,1924-04-20,36,2.0152534659248422,true
pau,ada,1924-04-20,94,2.1664578255893554,false
sam,gio,1924-04-20,75,4.888645414072334,false
fox,mac,1924-04-20,67,4.163942366283173,false
ana,fox,1924-04-20,69,0.4259307160397663,false
kia,bob,1924-04-20,85,2.100100046789455,false
noa,jim,1924-04-20,91,6.925564109922881,false
tom,kia,1924-04-20,63,5.5241451805398345,false
tim,jim,1924-04-20,97,8.938036470669251,false
ada,sam,1924-04-20,31,8.886402991047444,false
kia,gio,1924-04-20,37,2.1809640091971874,false
ana,leo,1924-04-20,97,6.820011019414684,false
eli,zoe,1924-04-20,83,2.820192525781958,false
zoe,teo,1924-04-20,90,3.047969798431611,false
teo,jim,1924-04-20,7,1.665376707576799,false
leo,tom,1924-04-20,9,4.526082485331219,false
pol,gio,1924-04-20,75,3.9476579626526744,false
sam,joe,1924-04-20,59,3.3969383450326807,false
eli,ana,1924-04-20,23,7.326331196552931,false
mac,bob,1924-04-20,68,1.56676638685172,false
teo,pol,1924-04-20,60,2.872581384111709,false
teo,sam,1924-04-20,58,0.8226732645499923,false
ken,noa,1924-04-20,81,9.94580382935537,false
van,tim,1924-04-20,76,1.6242174772895357,false
zoe,teo,1924-04-20,88,8.242197481770058,true
joe,van,1924-04-20,61,9.647970341126044,false
mar,eli,1924-04-20,72,2.2016151491488345,false
pau,eli,1924-04-20,12,3.369143579451822,false
max,van,1924-04-20,39,0.8777198575492151,false
ben,max,1924-04-20,85,2.2142536753842803,false
mar,rey,1924-04-20,65,5.7094442888524854,false
max,jim,1924-04-20,68,8.486587441806778,false
fox,ada,1924-04-20,99,2.3415434081139797,false
leo,van,1924-04-20,0,8.454560623457631,false
eli,mar,1924-04-20,70,9.12964711544846,false
jim,ben,1924-04-20,55,3.7935772592090764,true
joe,fox,1924-04-20,26,0.47761802974726875,false
ken,jim,1924-04-20,36,2.86455583495707,true
max,gio,1924-04-20,89,0.18909263494399808,false
mac,ken,1924-04-20,74,8.501963305479979,false
teo,max,1924-04-20,62,3.6458653407652584,true
eva,joe,1924-04-20,98,4.9589026728794146,false
leo,kia,1924-04-20,54,0.35418962480759153,false
ana,kia,1924-04-20,34,8.639612076671062,false
gio,kia,1924-04-20,55,8.963867807577078,false
eva,eli,1924-04-20,63,2.470126708101006,false
gio,riu,1924-04-20,42,6.871579197883353,false
pau,eva,1924-04-20,94,0.6004568342304917,false
tom,eva,1924-04-20,57,9.395799237253673,false
mar,mac,1924-04-20,62,9.066066830215991,false
joe,tim,1924-04-20,65,8.421531740072757,false
ken,eli,1924-04-20,15,8.552054984257868,false
tom,mar,1924-04-20,84,2.145978760196352,false
ben,max,1924-04-20,78,0.5811582585262842,false
zoe,luz,1924-04-20,99,1.1240415295278883,true
jim,ana,1924-04-20,29,9.060912491940043,false
pol,gio,1924-04-20,28,6.833360119124768,false
pau,sam,1924-04-20,10,8.21850510782222,true
luz,zoe,1924-04-20,72,3.7972144761772695,false
ada,rey,1924-04-20,62,8.155220864449449,false
van,pol,1924-04-20,7,1.9542431557713402,false
bob,ada,1924-04-20,45,8.059725744413255,false
leo,pau,1924-04-20,63,2.5826269402659783,false
riu,riu,1924-04-20,51,9.799832915250517,false
rey,noa,1924-04-20,64,8.951329211498653,false
max,eli,1924-04-20,6,3.9206586681265265,false
tim,eva,1924-04-20,15,8.57226692033344,true
ben,joe,1924-04-20,90,5.2144212853813,false
bob,mac,1924-04-20,22,5.4086583732849824,false
fox,ana,1924-04-20,38,4.631072999603481,false
zoe,zoe,1924-04-20,27,7.609901057959677,false
riu,leo,1924-04-20,42,8.386296332627012,false
pol,eli,1924-04-20,57,2.7069066075767734,false
zoe,ana,1924-04-20,29,3.8929124755614177,false
bob,tom,1924-04-20,44,8.12852642029809,false
rey,bob,1924-04-20,22,7.497895648927334,false
tim,mar,1924-04-20,43,0.4151617491943771,false
ken,sam,1924-04-20,88,5.105298247529745,true
tom,ben,1924-04-20,60,5.0619902058696775,false
luz,kia,1924-04-20,24,3.4974629686339123,true
gio,eli,1924-04-20,49,7.7182752966622745,false
zoe,ken,1924-04-20,37,3.6193788061035645,true
eli,bob,1924-04-20,81,6.627492737105154,true
eli,tom,1924-04-20,82,2.2005351566463305,false
joe,eli,1924-04-20,11,1.9315918840890645,false
zoe,mac,1924-04-20,97,7.51750766757594,false
fox,mar,1924-04-20,86,7.954077395192927,false
leo,ben,1924-04-20,73,2.957599948868863,false
teo,ana,1924-04-20,4,7.309630014626917,false
luz,ana,1924-04-20,35,4.949832034492507,false
max,luz,1924-04-20,19,5.498628249051871,false
pau,van,1924-04-20,55,3.3744880943851694,false
fox,ada,1924-04-20,11,0.16884271453256106,false
zoe,mar,1924-04-20,88,6.2570751587133415,false
max,mac,1924-04-20,12,5.594481092113142,false
kia,tom,1924-04-20,48,7.723917690743284,false
gio,rey,1924-04-20,88,7.283821211095759,false
sam,van,1924-04-20,78,5.255530159665323,false
ben,sam,1924-04-20,40,7.525891340287531,false
teo,ben,1924-04-20,97,7.746282332451308,false
ben,noa,1924-04-20,81,3.153679233066886,false
joe,zoe,1924-04-20,78,3.578337682824232,false
sam,luz,1924-04-20,5,5.321983693229305,false
riu,joe,1924-04-20,56,3.2819586496482356,false
ben,kia,1924-04-20,83,8.876480634864377,false
gio,bob,1924-04-20,33,0.47359462531900265,false
noa,ken,1924-04-20,81,4.665338056959236,true
max,fox,1924-04-20,27,4.610644704044304,true
noa,jim,1924-04-20,55,5.383255098365492,true
ada,ken,1924-04-20,73,4.341380186641467,false
rey,gio,1924-04-20,9,8.386422007502496,false
mar,zoe,1924-04-20,83,3.0512461757593368,false
sam,riu,1924-04-20,52,0.16779914094807724,false
sam,max,1924-04-20,52,5.697872464375271,false
ana,joe,1924-04-20,90,2.6967522325414484,false
ken,fox,1924-04-20,35,6.635899308422346,false
pol,van,1924-04-20,26,2.704871435836156,false
luz,tim,1924-04-20,35,4.385173974133167,false
sam,luz,1924-04-20,43,1.9498114180737325,false
ana,noa,1924-04-20,66,4.198516568946737,false
eli,luz,1924-04-20,19,4.297334404041882,false
kia,mar,1924-04-20,94,5.607913900496136,false
ada,pol,1924-04-20,94,7.189127160103226,false
bob,ben,1924-04-20,5,0.14644097456255722,true
ben,ken,1924-04-20,40,4.747507773335517,true
eva,ana,1924-04-20,91,5.565510232106579,false
ken,ada,1924-04-20,28,7.020327021803392,false
mar,ken,1924-04-20,32,1.4373673013340493,false
gio,fox,1924-04-20,43,1.2281637706982196,false
pau,luz,1924-04-20,32,5.053894994463045,false
ben,ken,1924-04-20,3,9.103442816937052,false
eli,kia,1924-04-20,86,1.5531041119397748,false
ana,tom,1924-04-20,38,1.1847172445282883,true
ben,rey,1924-04-20,17,8.123067020997697,false
fox,riu,1924-04-20,18,1.4116455277639806,false
noa,mar,1924-04-20,19,6.741002617806405,false
riu,fox,1924-04-20,98,4.008564620152285,false
gio,noa,1924-04-20,26,4.006340719612317,false
bob,ben,1924-04-20,59,1.5507639639668291,false
rey,leo,1924-04-20,58,9.075237599744085,false
fox,bob,1924-04-20,24,6.157086861959359,false
jim,eli,1924-04-20,27,1.911959526544691,false
joe,noa,1924-04-20,85,0.11393001228818922,false
jim,riu,1924-04-20,57,2.645067558853195,false
zoe,luz,1924-04-20,43,4.115869184907682,false
pau,fox,1924-04-20,80,8.176705630895103,false
tim,tim,1924-04-20,7,4.65840096503621,true
sam,jim,1924-04-20,2,0.0682306945862099,false
jim,eli,1924-04-20,93,0.9729224286174232,false
kia,tom,1924-04-20,25,4.702059933312358,false
gio,mar,1924-04-20,45,4.579375932216334,false
jim,ben,1924-04-20,68,9.042295616411401,false
ken,pau,1924-04-20,11,2.4258729136831025,false
joe,ken,1924-04-20,50,5.689253157734959,false
noa,gio,1924-04-20,52,8.821644630915053,true
rey,riu,1924-04-20,42,1.9542446063215346,false
jim,gio,1924-04-20,25,6.2615580119639,false
ada,ada,1924-04-20,10,0.6083831655692329,true
rey,ada,1924-04-20,84,4.882755870651239,false
riu,pau,1924-04-20,58,6.545815318165115,false
sam,sam,1924-04-20,62,0.48690183753441363,false
ben,mac,1924-04-20,0,0.8016567633227556,false
max,teo,1924-04-20,14,7.621862998172396,false
ada,kia,1924-04-20,88,1.7673779349579155,false
joe,max,1924-04-20,71,0.40262107292168725,false
ada,bob,1924-04-20,96,1.454065085976205,false
gio,rey,1924-04-20,29,3.214355656568122,false
van,eli,1924-04-20,64,9.448089993896588,false
gio,riu,1924-04-20,48,3.696407911054982,true
eva,tim,1924-04-20,13,4.848527614201284,false
ada,tom,1924-04-20,51,5.938538425720823,false
ben,pau,1924-04-20,10,1.6746301643401107,false
jim,mar,1924-04-20,38,8.556039396926684,false
kia,tim,1924-04-20,58,6.054138704648047,false
joe,joe,1924-04-20,95,0.5794616385256901,true
jim,ken,1924-04-20,88,7.8881579343737425,false
mac,fox,1924-04-20,75,8.390228945990069,false
pau,luz,1924-04-20,20,6.098572221844021,false
eva,rey,1924-04-20,13,8.95549371644774,true
luz,eli,1924-04-20,70,1.825715578770224,false
tim,max,1924-04-20,66,5.488687799557726,false
riu,rey,1924-04-20,56,6.105155579851211,false
ada,ben,1924-04-20,6,6.6497040060904045,false
mar,pau,1924-04-20,31,9.154726221905667,false
rey,bob,1924-04-20,48,2.936403748826039,false
ben,bob,1924-04-20,92,9.896808414902226,true
mac,max,1924-04-20,55,3.0095316384903406,false
noa,leo,1924-04-20,88,5.361390420997231,true
max,fox,1924-04-20,81,5.2146333080729965,false
noa,fox,1924-04-20,89,4.452100393250534,true
eva,mac,1924-04-20,96,5.899774735004312,true
riu,sam,1924-04-20,81,4.217768885969319,false
tim,tim,1924-04-20,16,5.24430159924535,false
rey,leo,1924-04-20,60,3.8635960642310585,true
kia,luz,1924-04-20,27,9.399007891400117,false
ana,jim,1924-04-20,73,8.344639294560489,true
ken,teo,1924-04-20,48,6.41237748803999,false
jim,tom,1924-04-20,51,6.7833968869837165,false
mac,ana,1924-04-20,56,3.700574981290009,true
jim,van,1924-04-20,1,2.0325756225475864,false
sam,zoe,1924-04-20,92,5.1992427526297815,false
luz,tim,1924-04-20,64,4.611484768336124,false
rey,ben,1924-04-20,31,5.572937380081888,false
leo,zoe,1924-04-20,39,8.256962173071052,false
ken,gio,1924-04-20,75,3.3938175655016356,false
van,pau,1924-04-20,64,7.586679969687285,true
zoe,eli,1924-04-20,62,8.004975512551102,false
leo,joe,1924-04-20,13,3.875887804254128,false
sam,ada,1924-04-20,18,6.4717285972214,false
bob,teo,1924-04-20,68,3.3014778528183175,false
bob,luz,1924-04-20,11,4.998685002241134,true
leo,riu,1924-04-20,58,3.3944734382341526,true
luz,mar,1924-04-20,26,9.374252034285323,false
pol,kia,1924-04-20,94,1.3134269681101085,true
teo,bob,1924-04-20,54,7.647529940555504,false
joe,eva,1924-04-20,63,5.803996458619514,false
ada,max,1924-04-20,85,4.792562872822806,false
rey,mac,1924-04-20,87,8.18365320911254,false
riu,eli,1924-04-20,89,9.061942307841408,true
rey,ana,1924-04-20,78,1.6535650423515613,false
mac,pol,1924-04-20,46,8.170923051268876,false
max,riu,1924-04-20,93,7.625598087210474,true
luz,eli,1924-04-20,61,3.8229006180365954,false
rey,sam,1924-04-20,83,5.436415818684338,false
ana,zoe,1924-04-20,51,8.433682906254464,false
bob,ken,1924-04-20,72,5.812488501121159,false
gio,ben,1924-04-20,74,5.771011100372999,false
pau,luz,1924-04-20,46,3.611228952176093,false
noa,mar,1924-04-20,95,2.3508483394761903,false
leo,mac,1924-04-20,92,9.711548132590265,false
eli,ken,1924-04-20,49,2.9154213762923553,false
tim,sam,1924-04-20,37,8.412414878691694,false
ana,teo,1924-04-20,48,3.209111126288419,false
noa,leo,1924-04-20,69,0.8805373057428956,false
luz,kia,1924-04-20,23,7.55824264874026,false
sam,eva,1924-04-20,58,9.761689469657655,false
rey,sam,1924-04-20,58,1.638849186114315,false
teo,mar,1924-04-20,16,6.643559049353244,false
ben,tim,1924-04-20,5,2.1231344923321127,false
mac,pau,1924-04-20,43,7.876448952601708,false
ken,pau,1924-04-20,27,6.549140185699426,false
kia,tim,1924-04-20,39,6.65871762224481,false
luz,bob,1924-04-20,28,2.452991820668453,false
mac,joe,1924-04-20,14,3.4462049445208107,false
mar,tom,1924-04-20,66,3.056421221334762,true
riu,luz,1924-04-20,41,5.876132699037493,false
pol,zoe,1924-04-20,34,7.6014011811057545,false
zoe,luz,1924-04-20,34,1.2202518690427522,false
rey,rey,1924-04-20,18,0.9798430989694951,false
fox,ada,1924-04-20,68,1.309573257751696,true
pol,fox,1924-04-20,63,3.598883020093128,false
eva,eli,1924-04-20,12,5.864070757112039,true
teo,eli,1924-04-20,76,7.360865705357222,false
joe,ada,1924-04-20,79,8.707315885042131,false
jim,eli,1924-04-20,13,8.616915828730978,false
tim,rey,1924-04-20,7,0.69548867019948,false
riu,teo,1924-04-20,3,3.6297224664488272,false
rey,ada,1924-04-20,89,8.564849558277139,false
rey,ana,1924-04-20,72,1.6326951727459615,false
van,ana,1924-04-20,64,5.320615033948197,true
eva,riu,1924-04-20,40,5.810603352154841,false
bob,ana,1924-04-20,47,2.698551263050901,true
ken,mar,1924-04-20,70,3.127257691106805,false
eva,rey,1924-04-20,29,4.944403484292701,false
eli,tom,1924-04-20,69,9.949139376526938,false
ada,pol,1924-04-20,42,9.465197448613377,false
van,mar,1924-04-20,88,8.04623164109848,false
ada,pol,1924-04-20,84,3.513636782308205,false
ken,pau,1924-04-20,32,9.980742507735842,false
luz,eli,1924-04-20,11,4.725202729347535,false
zoe,eva,1924-04-20,44,0.16430721407054816,false
ada,tim,1924-04-20,63,7.137314436594869,false
pau,mac,1924-04-20,34,0.3241729881645683,false
fox,teo,1924-04-20,74,9.996120758547711,false
mac,max,1924-04-20,89,3.08025040479846,false
mar,tom,1924-04-20,69,4.708114677375837,false
sam,pol,1924-04-20,20,7.386400295099494,false
van,eli,1924-04-20,1,2.595154848112263,false
leo,gio,1924-04-20,43,1.2743201045438068,false
ana,tom,1924-04-20,51,5.037946010649367,false
mar,sam,1924-04-20,48,3.9175416973881685,false
pau,kia,1924-04-20,60,3.292042866876659,false
jim,mac,1924-04-20,55,3.9918411455991896,false
riu,ken,1924-04-20,75,7.652409858786565,false
zoe,jim,1924-04-20,48,2.208487370531562,true
eva,jim,1924-04-20,88,5.8897736550092015,true
max,zoe,1924-04-20,85,4.5705886590861455,true
max,ben,1924-04-20,72,8.867185644507472,false
riu,zoe,1924-04-20,6,8.679443188371852,false
bob,ana,1924-04-20,66,9.721378026250008,false
van,riu,1924-04-20,6,3.879850281181975,false
zoe,tim,1924-04-20,14,4.116627949548461,false
pol,teo,1924-04-20,68,4.20659546266458,false
pau,riu,1924-04-20,72,8.535722707512791,false
kia,van,1924-04-20,71,1.9277437242976803,false
riu,max,1924-04-20,41,9.840183980132773,false
noa,eva,1924-04-20,22,1.6076747546589243,true
gio,jim,1924-04-20,3,5.2008137302847,false
ada,zoe,1924-04-20,32,6.8710777670018555,false
mac,ben,1924-04-20,85,6.44725168956143,false
max,eli,1924-04-20,12,4.023105986414421,true
pol,teo,1924-04-20,69,7.508535453530341,false
teo,fox,1924-04-20,57,7.665110786815028,true
ana,sam,1924-04-20,27,2.810374815474883,false
van,kia,1924-04-20,2,4.554416943767663,true
fox,riu,1924-04-20,56,0.4873633844110026,false
gio,joe,1924-04-20,69,4.374190514205355,true
tim,tim,1924-04-20,90,1.120074337286332,true
kia,ana,1924-04-20,15,5.6007037110060365,false
max,tim,1924-04-20,65,2.0881567682303057,false
mac,leo,1924-04-20,23,6.262053884303556,false
ana,bob,1924-04-20,32,1.769839870897647,false
sam,bob,1924-04-20,11,0.5901288579607256,false
pol,tom,1924-04-20,7,1.8722606070598702,true
zoe,van,1924-04-20,47,8.262072429489315,false
kia,luz,1924-04-20,88,0.6706422951356994,false
gio,ana,1924-04-20,98,8.281415442030134,false
mac,tom,1924-04-20,47,1.2520609038445984,false
teo,bob,1924-04-20,78,3.753403031173944,false
riu,ben,1924-04-20,55,3.950687269135967,true
joe,ada,1924-04-20,15,1.3345236820182271,false
gio,jim,1924-04-20,41,2.449321822643923,false
fox,kia,1924-04-20,74,9.859481731624497,true
tom,mac,1924-04-20,93,1.3700166670649272,false
luz,tom,1924-04-20,91,1.2093427860517603,false
van,tom,1924-04-20,35,1.2960597762071446,false
kia,gio,1924-04-20,49,2.4041296970242287,false
teo,jim,1924-04-20,35,0.1819130077754938,false
gio,mac,1924-04-20,88,2.326300116902912,true
rey,max,1924-04-20,5,4.477252944728437,false
pau,kia,1924-04-20,0,7.500767990096896,false
fox,kia,1924-04-20,48,7.852081841585453,false
van,van,1924-04-20,88,7.233760629910321,false
rey,eva,1924-04-20,9,6.003505282036085,true
gio,joe,1924-04-20,37,9.805155182426002,false
ana,eli,1924-04-20,25,1.7016709234595706,true
ada,ada,1924-04-20,93,8.649457913957505,true
max,pau,1924-04-20,55,5.8029199292381595,true
luz,mac,1924-04-20,8,4.904723334624961,false
gio,ana,1924-04-20,18,1.3959896691386153,false
pau,pol,1924-04-20,46,8.362352099680225,false
van,noa,1924-04-20,76,9.963108545992737,false
ken,sam,1924-04-20,88,5.446480859966152,false
riu,luz,1924-04-20,86,5.4235882359967995,false
jim,pau,1924-04-20,59,8.6886011111635,false
max,riu,1924-04-20,74,6.270006547666247,false
leo,pau,1924-04-20,80,5.80156360391727,false
mac,pau,1924-04-20,29,0.8087819374561267,false
eli,ben,1924-04-20,40,9.020918445046743,false
mac,ada,1924-04-20,31,5.6832086292262165,false
riu,ana,1924-04-20,92,9.76749902001693,true
eli,bob,1924-04-20,96,2.294989556120165,false
ada,ben,1924-04-20,66,1.69280080168427,false
eva,mar,1924-04-20,40,1.6310276764233023,false
max,pau,1924-04-20,92,2.81568030959104,false
luz,max,1924-04-20,26,9.639349519686615,false
rey,ana,1924-04-20,21,3.388270725558271,false
ana,ben,1924-04-20,87,9.562981572111322,false
kia,sam,1924-04-20,90,4.742726160846291,false
zoe,joe,1924-04-20,86,2.155364724416523,false
eva,max,1924-04-20,46,4.192560869335922,true
mar,sam,1924-04-20,7,5.6171277721951585,true
teo,van,1924-04-20,83,9.940807316684495,true
pau,ada,1924-04-20,71,0.8252816512939498,false
luz,ana,1924-04-20,40,4.973535322326459,false
leo,leo,1924-04-20,66,4.577476818701235,true
pol,mac,1924-04-20,1,6.152973128102682,false
van,eli,1924-04-20,5,3.6368442694880034,false
mac,mac,1924-04-20,5,5.422604025116872,false
ken,luz,1924-04-20,46,4.381384186239688,false
sam,bob,1924-04-20,26,5.412694861617507,false
joe,pau,1924-04-20,23,8.19891420524298,false
mar,noa,1924-04-20,69,0.45811647631351926,false
rey,gio,1924-04-20,4,7.861025212062346,false
kia,gio,1924-04-20,62,0.501825391597005,false
sam,tom,1924-04-20,94,4.994340133205801,true
gio,riu,1924-04-20,62,4.416569828588383,true
joe,sam,1924-04-20,54,7.473661035737092,false
sam,riu,1924-04-20,49,1.66345678709639,false
riu,joe,1924-04-20,0,2.404356667730614,false
sam,ken,1924-04-20,64,3.2659318577685448,false
mac,ken,1924-04-20,78,9.974127349705444,false
bob,mar,1924-04-20,28,4.829096342069611,false
mar,tom,1924-04-20,90,3.4724205409681774,false
joe,riu,1924-04-20,9,8.98930782697358,false
teo,rey,1924-04-20,66,7.9160642808417485,true
mac,tim,1924-04-20,65,1.9272540824092965,false
rey,eli,1924-04-20,37,8.264017491559963,false
mar,luz,1924-04-20,49,3.586011311911922,false
kia,zoe,1924-04-20,55,0.32307740296984466,false
kia,leo,1924-04-20,21,5.968090437766847,false
mac,eva,1924-04-20,33,4.42164005748171,false
riu,riu,1924-04-20,91,2.681965735562767,false
kia,bob,1924-04-20,21,7.941343320326975,true
pau,pau,1924-04-20,61,9.532628751905234,true
riu,zoe,1924-04-20,62,8.545333761192767,false
van,mar,1924-04-20,65,2.9959790300206226,false
joe,ana,1924-04-20,81,4.18149301040814,false
luz,mar,1924-04-20,86,5.240274341184645,false
ada,luz,1924-04-20,34,8.222999231987195,false
jim,mac,1924-04-20,68,6.056197997054463,true
gio,ada,1924-04-20,83,5.000138756821046,false
ben,bob,1924-04-20,8,3.571740196942368,false
noa,luz,1924-04-20,38,9.150465645301395,false
luz,max,1924-04-20,70,7.224638163361235,false
bob,sam,1924-04-20,38,8.938883437547947,false
jim,jim,1924-04-20,70,3.570264451368547,false
bob,riu,1924-04-20,67,5.261830488035084,false
pau,kia,1924-04-20,25,9.88788481601903,false
mar,rey,1924-04-20,78,4.93414169004343,false
jim,luz,1924-04-20,90,0.43080303947176657,false
jim,fox,1924-04-20,97,7.086472126252055,false
bob,ada,1924-04-20,21,0.786139251971798,false
ben,ana,1924-04-20,74,6.228600473197252,false
ben,max,1924-04-20,94,5.237235522889311,false
eva,pau,1924-04-20,47,5.654379644956026,false
tom,mac,1924-04-20,24,3.340668130665879,false
van,zoe,1924-04-20,93,9.679991736045368,true
tom,ada,1924-04-20,95,6.3189500590081575,false
joe,kia,1924-04-20,39,2.847632393705436,false
ben,kia,1924-04-20,39,0.2990659802764495,true
mac,pol,1924-04-20,33,0.7553360882840787,false
leo,pol,1924-04-20,4,9.167624726209413,false
tim,eli,1924-04-20,57,2.4862718712040377,true
zoe,van,1924-04-20,52,3.995740760659382,false
ken,riu,1924-04-20,64,7.8481394529765485,true
ken,ken,1924-04-20,26,1.095281423034199,false
gio,leo,1924-04-20,73,1.169080565122882,true
bob,riu,1924-04-20,11,1.4462349972452637,false
noa,tim,1924-04-20,36,1.0115741686807866,false
ana,gio,1924-04-20,63,8.456245653887661,true
mar,jim,1924-04-20,59,9.007254736362137,false
luz,gio,1924-04-20,90,4.56913832943131,true
pol,mar,1924-04-20,55,4.722314374560067,false
ana,tom,1924-04-20,40,3.481191139446681,false
teo,noa,1924-04-20,1,7.546810429572949,false
pol,leo,1924-04-20,88,6.890244273300335,true
luz,zoe,1924-04-20,78,3.271008026688984,false
riu,pau,1924-04-20,0,2.4749549390167935,false
leo,joe,1924-04-20,10,8.210831560443863,false
ben,eli,1924-04-20,87,1.8256627651790103,false
kia,tim,1924-04-20,55,5.512274956772199,false
jim,riu,1924-04-20,25,7.156874731157297,true
ana,gio,1924-04-20,69,2.0600995984965897,false
ken,pau,1924-04-20,91,4.53060263834471,false
tom,tim,1924-04-20,86,8.420277621247687,false
kia,kia,1924-04-20,71,4.978060267998115,false
eli,tom,1924-04-20,77,0.1597372013942011,false
sam,bob,1924-04-20,47,1.0418472636349319,false
rey,ken,1924-04-20,48,6.536515335220237,true
ana,ana,1924-04-20,34,2.0275353036921553,false
rey,luz,1924-04-20,61,9.199252442819324,false
tom,gio,1924-04-20,98,4.571364287654448,false
gio,riu,1924-04-20,34,0.5992659279089674,false
max,eva,1924-04-20,78,0.3373859922096878,true
mac,ben,1924-04-20,45,4.822190852536012,false
max,kia,1924-04-20,5,8.320443084911822,false
pol,pol,1924-04-20,27,1.2317854711435605,false
van,ana,1924-04-20,35,8.954186522725298,false
noa,mar,1924-04-20,91,0.44606034046177245,true
eva,sam,1924-04-20,70,8.748146304757697,false
pol,bob,1924-04-20,42,7.6563699690212115,false
riu,ana,1924-04-20,75,1.3040913298210055,true
bob,bob,1924-04-20,10,6.715062010435972,false
tom,joe,1924-04-20,76,4.069519759323132,false
tim,sam,1924-04-20,13,6.8091836136286865,false
kia,fox,1924-04-20,84,1.381426139228471,true
tim,luz,1924-04-20,2,0.39142392616381083,true
eva,teo,1924-04-20,12,1.4228959902280003,false
rey,sam,1924-04-20,99,9.475569947563947,false
eva,van,1924-04-20,23,6.573182338885825,true
eli,sam,1924-04-20,49,0.7044042380294202,true
rey,gio,1924-04-20,36,4.414811338982209,false
rey,eva,1924-04-20,85,8.500000848103056,false
tom,teo,1924-04-20,45,8.1638426014809,false
gio,rey,1924-04-20,98,9.291671611208288,false
joe,van,1924-04-20,95,5.7491066398936574,false
ben,ken,1924-04-20,44,9.260404659369337,true
kia,tim,1924-04-20,34,7.8917038886513176,false
jim,tom,1924-04-20,12,5.123259220202087,false
pol,ada,1924-04-20,68,9.25715116749478,true
jim,jim,1924-04-20,86,4.581325536467373,false
eva,riu,1924-04-20,18,8.736517640184768,false
pol,zoe,1924-04-20,11,3.1242385661026617,false
ada,pau,1924-04-20,65,2.7277705872077784,false
rey,fox,1924-04-20,44,9.83454250103858,true
ken,ben,1924-04-20,66,7.747313333110972,false
rey,ken,1924-04-20,11,6.3502606138811,false
ada,riu,1924-04-20,61,7.847900847679739,false
gio,ada,1924-04-20,40,3.187332383951138,false
tim,eva,1924-04-20,1,8.030075992981878,false
bob,eli,1924-04-20,70,3.7606612991153856,true
teo,pol,1924-04-20,63,5.495659429116827,false
ben,max,1924-04-20,18,8.524653862484412,false
pau,ana,1924-04-20,61,2.50617769688825,false
mac,pol,1924-04-20,54,2.0192234959440682,false
eli,ben,1924-04-20,14,6.218570613092828,false
luz,tim,1924-04-20,24,4.104332843003724,false
ben,ada,1924-04-20,51,9.01100946695439,false
riu,gio,1924-04-20,39,1.3892296300674578,false
eva,teo,1924-04-20,91,4.310042991713143,true
riu,kia,1924-04-20,19,3.560985949551674,false
gio,van,1924-04-20,23,3.687251685046733,false
mac,leo,1924-04-20,98,8.161302187994538,false
van,ken,1924-04-20,67,5.033467505535225,false
max,jim,1924-04-20,94,0.7748669390775609,false
bob,luz,1924-04-20,65,7.213371628437284,false
zoe,jim,1924-04-20,96,8.525417891594756,false
ben,leo,1924-04-20,6,2.1239540991089823,false
tim,luz,1924-04-20,90,0.7247356219120116,false
tim,ben,1924-04-20,43,8.035290913177779,false
ana,pau,1924-04-20,34,6.742198627531726,false
jim,kia,1924-04-20,43,9.784682747955634,false
mac,tom,1924-04-20,27,8.219338309046897,true
riu,ben,1924-04-20,15,3.0133992506455307,false
van,joe,1924-04-20,75,5.676672524338064,false
mar,ben,1924-04-20,41,2.6724865709584056,false
tim,max,1924-04-20,64,1.0892638335957416,true
jim,pol,1924-04-20,31,2.3532902904371977,false
eli,ada,1924-04-20,68,2.9428722428818954,true
tim,tim,1924-04-20,50,6.280437122710532,false
joe,eli,1924-04-20,70,7.883000320112826,false
tim,pau,1924-04-20,46,9.762304901411456,false
leo,mac,1924-04-20,75,1.928894896046408,false
fox,pau,1924-04-20,31,6.217415137368074,true
pau,gio,1924-04-20,85,4.210228135505167,false
pol,bob,1924-04-20,68,8.631521198652054,false
mar,ben,1924-04-20,73,6.647858269823809,false
sam,bob,1924-04-20,84,4.44182035963716,false
eli,tim,1924-04-20,4,9.196266023827647,false
bob,rey,1924-04-20,7,5.978199849532002,true
mac,max,1924-04-20,44,6.915149768409493,true
eli,eva,1924-04-20,79,9.589828619694908,false
ada,mar,1924-04-20,40,0.091276367502241,true
jim,gio,1924-04-20,80,8.307335335132418,false
pau,max,1924-04-20,26,4.541505880624558,false
luz,gio,1924-04-20,65,2.6719694779855327,false
kia,zoe,1924-04-20,23,2.5234228886849563,false
noa,ana,1924-04-20,22,0.6196099198185356,false
rey,riu,1924-04-20,55,0.6546701328961124,false
pau,eli,1924-04-20,12,8.486005914141945,false
sam,ken,1924-04-20,88,2.156185929558898,false
jim,pol,1924-04-20,6,4.954540724891259,false
pau,sam,1924-04-20,77,7.630236051568113,false
rey,ken,1924-04-20,58,7.878142896811752,false
ben,eva,1924-04-20,19,3.3273763353173025,true
van,rey,1924-04-20,23,8.747547468372064,false
van,tom,1924-04-20,68,1.0499991440090128,false
pau,mac,1924-04-20,36,4.474716237599344,false
van,joe,1924-04-20,6,6.65186968926081,false
sam,riu,1924-04-20,61,9.271161668904142,true
mar,pol,1924-04-20,89,2.6394263236488347,true
pol,eli,1924-04-20,13,6.484731444005506,false
zoe,joe,1924-04-20,4,1.059745193301197,false
fox,gio,1924-04-20,4,0.3055081117042424,false
ben,zoe,1924-04-20,24,7.087600709228321,false
gio,rey,1924-04-20,96,9.59642834578085,false
teo,eli,1924-04-20,92,8.259344762552615,false
kia,noa,1924-04-20,36,0.5594144246394039,true
bob,jim,1924-04-20,68,0.4834841297482162,false
bob,rey,1924-04-20,11,6.64411005316611,false
ben,noa,1924-04-20,42,9.269090680493639,false
ken,pau,1924-04-20,78,6.294544290276387,false
zoe,mar,1924-04-20,43,6.600533643302196,false
eli,max,1924-04-20,6,3.604488509390218,false
mar,tim,1924-04-20,51,2.160008064826556,true
fox,joe,1924-04-20,45,7.702782812364113,false
teo,sam,1924-04-20,27,7.330683444816112,false
sam,mar,1924-04-20,32,3.5799643476203036,false
van,teo,1924-04-20,66,6.846195229014035,false
fox,zoe,1924-04-20,9,5.484477674081097,false
ken,gio,1924-04-20,97,9.72078119133731,false
ana,van,1924-04-20,77,1.2634680777459306,false
fox,max,1924-04-20,64,7.842445725386973,false
pol,luz,1924-04-20,62,8.199399625313736,false
eli,van,1924-04-20,4,1.9713094262657194,false
noa,ken,1924-04-20,87,0.7077381762900281,false
sam,zoe,1924-04-20,63,8.25136545696791,true
ken,eva,1924-04-20,89,7.7848702250346395,true
van,mac,1924-04-20,76,7.319131243860713,false
mar,luz,1924-04-20,41,6.2015544948131085,false
eva,jim,1924-04-20,94,4.455662620891133,false
teo,ben,1924-04-20,21,3.8450735019506785,false
sam,eva,1924-04-20,38,8.954766233750377,false
noa,van,1924-04-20,0,8.7847694961897,false
bob,riu,1924-04-20,18,1.2147812885738984,false
zoe,rey,1924-04-20,74,9.336253768511511,false
eli,noa,1924-04-20,61,7.795649248712388,true
gio,noa,1924-04-20,99,6.938377338549632,true
tim,teo,1924-04-20,96,3.3904169279520593,false
riu,leo,1924-04-20,32,5.347624246986692,false
mar,teo,1924-04-20,53,9.357245111790656,false
teo,mar,1924-04-20,94,9.110694197445016,false
eva,ken,1924-04-20,86,0.2244218276818677,false
luz,fox,1924-04-20,73,6.8461069621024855,false
kia,gio,1924-04-20,10,5.966933236436476,false
kia,noa,1924-04-20,57,0.8438862885687748,false
joe,ada,1924-04-20,78,2.679889244463536,false
mar,pol,1924-04-20,45,7.447215716697153,false
mac,gio,1924-04-20,66,9.403346344330854,false
jim,max,1924-04-20,89,5.96872534179885,false
ken,ada,1924-04-20,99,1.7915795033306137,false
zoe,sam,1924-04-20,12,9.054931244623152,false
luz,tim,1924-04-20,50,8.443225864826797,false
luz,mar,1924-04-20,60,5.42370709544731,false
teo,pau,1924-04-20,77,0.12303182933237067,false
eva,pau,1924-04-20,17,1.5256142159841901,false
kia,tom,1924-04-20,98,4.474241266490599,false
leo,jim,1924-04-20,66,8.603749566645794,false
pau,teo,1924-04-20,0,2.967603114394045,false
ben,max,1924-04-20,88,9.698934704655857,false
